{
  "佩里科岛": [
    {
      "Name": "虎鲸内部",
      "Pitch": -0.000000,
      "Roll": 0.000000,
      "X": 1560.086060,
      "Y": 381.473999,
      "Yaw": -0.073012,
      "Z": -50.985001
    },
    {
      "Name": "正门",
      "Pitch": -0.000183,
      "Roll": 0.021662,
      "X": 4974.982910,
      "Y": -5703.857422,
      "Yaw": 0.192143,
      "Z": 18.889206
    },
    {
      "Name": "主目标",
      "Pitch": -0.000000,
      "Roll": -0.000000,
      "X": 5006.750000,
      "Y": -5756.111816,
      "Yaw": 2.507812,
      "Z": 14.186735
    },
    {
      "Name": "金发办公室",
      "Pitch": -0.000000,
      "Roll": 0.000000,
      "X": 5014.325684,
      "Y": -5751.882812,
      "Yaw": -0.834617,
      "Z": 27.545275
    },
    {
      "Name": "豪宅逃离点",
      "Pitch": -0.000000,
      "Roll": 0.000000,
      "X": 4990.144531,
      "Y": -5717.898438,
      "Yaw": -2.186914,
      "Z": 18.580227
    },
    {
      "Name": "海上逃离点",
      "Pitch": 0.003166,
      "Roll": -0.536424,
      "X": 4795.715820,
      "Y": -6280.685059,
      "Yaw": 3.100946,
      "Z": -79.160828
    },
  ], 
  "名钻赌场豪劫": [
    {
      "Name": "员工大厅入口",
      "Pitch": -0.000000,
      "Roll": 0.000000,
      "X": 981.846619,
      "Y": 18.208624,
      "Yaw": -0.546463,
      "Z": 79.997261
    },
    {
      "Name": "金库内",
      "Pitch": -0.000003,
      "Roll": 0.002192,
      "X": 2512.942383,
      "Y": -238.461075,
      "Yaw": -1.570888,
      "Z": -71.750389
    },
    {
      "Name": "金库外",
      "Pitch": 0.000634,
      "Roll": 0.002245,
      "X": 2498.506592,
      "Y": -238.919037,
      "Yaw": 1.583896,
      "Z": -71.751740
    },
    {
      "Name": "地下室双门禁卡",
      "Pitch": 0.004093,
      "Roll": 0.003726,
      "X": 2469.627686,
      "Y": -284.530548,
      "Yaw": 1.544160,
      "Z": -71.709053
    },
    {
      "Name": "员工大厅出口",
      "Pitch": 0.000310,
      "Roll": 0.002716,
      "X": 2547.230225,
      "Y": -267.679138,
      "Yaw": 3.125143,
      "Z": -59.736046
    },
  ], 
  "拉玛有机坊": [
    {
      "Name": "位置 1",
      "Pitch": -0.000000,
      "Roll": 0.000000,
      "X": 965.063477,
      "Y": -1811.066895,
      "Yaw": 1.543895,
      "Z": 29.883680
    },
    {
      "Name": "位置 2",
      "Pitch": -0.000000,
      "Roll": 0.000000,
      "X": 203.222992,
      "Y": -1759.286499,
      "Yaw": 0.916139,
      "Z": 32.034779
    },
    {
      "Name": "位置 3",
      "Pitch": -0.000000,
      "Roll": 0.000000,
      "X": -311.109772,
      "Y": -1625.380249,
      "Yaw": 2.490660,
      "Z": 30.548822
    },
    {
      "Name": "位置 4",
      "Pitch": -0.000000,
      "Roll": 0.000000,
      "X": -513.064087,
      "Y": -1627.469849,
      "Yaw": -0.454304,
      "Z": 16.497799
    },
    {
      "Name": "位置 5",
      "Pitch": -0.000000,
      "Roll": 0.000000,
      "X": -327.825531,
      "Y": -1372.543091,
      "Yaw": 1.507268,
      "Z": 39.870537
    },
    {
      "Name": "位置 6",
      "Pitch": -0.000000,
      "Roll": 0.000000,
      "X": -116.469627,
      "Y": -1025.535645,
      "Yaw": 1.195776,
      "Z": 25.973581
    },
    {
      "Name": "位置 7",
      "Pitch": -0.000000,
      "Roll": 0.000000,
      "X": -68.598228,
      "Y": -1230.279175,
      "Yaw": 0.783058,
      "Z": 27.621717
    },
    {
      "Name": "位置 8",
      "Pitch": -0.000000,
      "Roll": 0.000000,
      "X": 265.544403,
      "Y": -1335.841431,
      "Yaw": -0.659642,
      "Z": 34.720230
    },
    {
      "Name": "位置 9",
      "Pitch": -0.000000,
      "Roll": 0.000000,
      "X": 511.430481,
      "Y": -1335.632202,
      "Yaw": -0.880491,
      "Z": 28.421722
    },
    {
      "Name": "位置 10",
      "Pitch": -0.000000,
      "Roll": 0.000000,
      "X": 819.680359,
      "Y": -797.187012,
      "Yaw": -0.157550,
      "Z": 33.835892
    },
    {
      "Name": "位置 11",
      "Pitch": -0.000000,
      "Roll": -0.004192,
      "X": 479.921936,
      "Y": -574.589172,
      "Yaw": 1.638214,
      "Z": 27.618351
    },
    {
      "Name": "位置 12",
      "Pitch": -0.000002,
      "Roll": 0.000002,
      "X": 132.779953,
      "Y": -577.344910,
      "Yaw": -0.282122,
      "Z": 17.507729
    },
    {
      "Name": "位置 13",
      "Pitch": -0.000002,
      "Roll": 0.000002,
      "X": -245.976898,
      "Y": -786.408264,
      "Yaw": 0.975463,
      "Z": 29.154034
    },
    {
      "Name": "位置 14",
      "Pitch": -0.000000,
      "Roll": 0.000000,
      "X": -592.624451,
      "Y": -875.463196,
      "Yaw": 1.599120,
      "Z": 24.614176
    },
    {
      "Name": "位置 15",
      "Pitch": -0.000000,
      "Roll": 0.000000,
      "X": -930.370850,
      "Y": -746.290955,
      "Yaw": -1.644106,
      "Z": 18.626028
    },
    {
      "Name": "位置 16",
      "Pitch": -0.000000,
      "Roll": 0.000000,
      "X": -1033.870117,
      "Y": -824.428833,
      "Yaw": -2.174530,
      "Z": 17.941547
    },
    {
      "Name": "位置 17",
      "Pitch": 0.000001,
      "Roll": -0.000007,
      "X": -937.690491,
      "Y": -1043.590210,
      "Yaw": -2.422744,
      "Z": -0.711805
    },
    {
      "Name": "位置 18",
      "Pitch": 0.000001,
      "Roll": -0.000006,
      "X": -1010.794373,
      "Y": -1491.838257,
      "Yaw": 2.116470,
      "Z": 3.604201
    },
    {
      "Name": "位置 19",
      "Pitch": -0.000000,
      "Roll": 0.000000,
      "X": -1393.366699,
      "Y": -1446.239990,
      "Yaw": 1.042620,
      "Z": 2.898223
    },
    {
      "Name": "位置 20",
      "Pitch": -0.000000,
      "Roll": 0.000000,
      "X": -1636.481934,
      "Y": -1030.884644,
      "Yaw": -2.369350,
      "Z": 11.851955
    },
    {
      "Name": "位置 21",
      "Pitch": -0.000000,
      "Roll": 0.000000,
      "X": -1677.675293,
      "Y": -443.998077,
      "Yaw": -0.333035,
      "Z": 38.481232
    },
    {
      "Name": "位置 22",
      "Pitch": -0.000000,
      "Roll": 0.000000,
      "X": -1504.322510,
      "Y": -36.676395,
      "Yaw": 0.744096,
      "Z": 53.243385
    },
    {
      "Name": "位置 23",
      "Pitch": -0.000000,
      "Roll": 0.000000,
      "X": -1263.007446,
      "Y": -367.342041,
      "Yaw": 1.939267,
      "Z": 43.450188
    },
    {
      "Name": "位置 24",
      "Pitch": -0.000000,
      "Roll": 0.000000,
      "X": -842.206848,
      "Y": -346.580658,
      "Yaw": 0.475793,
      "Z": 37.380276
    },
    {
      "Name": "位置 25",
      "Pitch": -0.000000,
      "Roll": 0.000000,
      "X": -296.863617,
      "Y": -307.817627,
      "Yaw": -1.795619,
      "Z": 8.763148
    },
    {
      "Name": "位置 26",
      "Pitch": -0.000000,
      "Roll": 0.000000,
      "X": 96.599678,
      "Y": -255.000626,
      "Yaw": 2.816489,
      "Z": 46.116341
    },
    {
      "Name": "位置 27",
      "Pitch": -0.000000,
      "Roll": 0.000000,
      "X": 988.162964,
      "Y": -106.085739,
      "Yaw": 0.533659,
      "Z": 73.038589
    },
    {
      "Name": "位置 28",
      "Pitch": -0.000000,
      "Roll": 0.000000,
      "X": 956.206909,
      "Y": 73.347771,
      "Yaw": 1.038336,
      "Z": 111.253021
    },
    {
      "Name": "位置 29",
      "Pitch": -0.000000,
      "Roll": 0.000000,
      "X": 750.913452,
      "Y": 197.534500,
      "Yaw": 2.986426,
      "Z": 84.395149
    },
    {
      "Name": "位置 30",
      "Pitch": -0.000000,
      "Roll": 0.000000,
      "X": 248.848007,
      "Y": 128.018036,
      "Yaw": 1.261222,
      "Z": 101.277534
    },
    {
      "Name": "位置 31",
      "Pitch": -0.000000,
      "Roll": 0.000000,
      "X": -56.150673,
      "Y": 81.148270,
      "Yaw": 2.751517,
      "Z": 70.316177
    },
    {
      "Name": "位置 32",
      "Pitch": -0.000000,
      "Roll": 0.000000,
      "X": -673.238342,
      "Y": 61.058689,
      "Yaw": -2.748576,
      "Z": 61.142181
    },
    {
      "Name": "位置 33",
      "Pitch": -0.000000,
      "Roll": 0.000000,
      "X": -1002.100586,
      "Y": 129.575394,
      "Yaw": 0.752434,
      "Z": 54.353756
    },
    {
      "Name": "位置 34",
      "Pitch": -0.000000,
      "Roll": 0.000000,
      "X": -430.722351,
      "Y": 288.710968,
      "Yaw": 2.856550,
      "Z": 84.762543
    },
    {
      "Name": "位置 35",
      "Pitch": -0.000000,
      "Roll": 0.000000,
      "X": -363.330414,
      "Y": 571.837830,
      "Yaw": 0.820333,
      "Z": 125.681297
    },
    {
      "Name": "位置 36",
      "Pitch": -0.000000,
      "Roll": 0.000000,
      "X": -763.423828,
      "Y": 705.959229,
      "Yaw": 2.292523,
      "Z": 143.446503
    },
    {
      "Name": "位置 37",
      "Pitch": -0.000000,
      "Roll": 0.000000,
      "X": -1441.797485,
      "Y": 567.786499,
      "Yaw": 1.566354,
      "Z": 120.676498
    },
    {
      "Name": "位置 38",
      "Pitch": -0.000000,
      "Roll": 0.000000,
      "X": -1591.465454,
      "Y": 800.975037,
      "Yaw": 0.402652,
      "Z": 184.694397
    },
    {
      "Name": "位置 39",
      "Pitch": -0.000000,
      "Roll": 0.000000,
      "X": -2037.819824,
      "Y": 539.976013,
      "Yaw": 1.484380,
      "Z": 108.727943
    },
    {
      "Name": "位置 40",
      "Pitch": -0.000002,
      "Roll": 0.000001,
      "X": -2974.169678,
      "Y": 19.690899,
      "Yaw": -0.463544,
      "Z": 6.058373
    },
    {
      "Name": "位置 41",
      "Pitch": -0.000000,
      "Roll": 0.000000,
      "X": -3091.925537,
      "Y": 659.979248,
      "Yaw": -0.884336,
      "Z": 0.325145
    },
    {
      "Name": "位置 42",
      "Pitch": -0.000091,
      "Roll": 0.002499,
      "X": -3237.109375,
      "Y": 1104.814331,
      "Yaw": -1.895380,
      "Z": 1.169122
    },
    {
      "Name": "位置 43",
      "Pitch": -0.000013,
      "Roll": 0.004877,
      "X": -2630.634521,
      "Y": 1875.022217,
      "Yaw": -2.412480,
      "Z": 158.834381
    },
    {
      "Name": "位置 44",
      "Pitch": -0.000000,
      "Roll": 0.000000,
      "X": -1876.826294,
      "Y": 2028.389404,
      "Yaw": -2.030257,
      "Z": 138.785538
    },
    {
      "Name": "位置 45",
      "Pitch": -0.000000,
      "Roll": 0.000000,
      "X": -453.597076,
      "Y": 1079.495850,
      "Yaw": -1.838829,
      "Z": 326.389038
    },
    {
      "Name": "位置 46",
      "Pitch": -0.000000,
      "Roll": 0.000000,
      "X": -193.479538,
      "Y": 791.858032,
      "Yaw": 0.280620,
      "Z": 196.807419
    },
    {
      "Name": "位置 47",
      "Pitch": -0.000000,
      "Roll": 0.000000,
      "X": 155.289749,
      "Y": 1099.233276,
      "Yaw": 2.298547,
      "Z": 230.294159
    },
    {
      "Name": "位置 48",
      "Pitch": -0.000000,
      "Roll": 0.000000,
      "X": 344.098206,
      "Y": 946.109680,
      "Yaw": 0.697545,
      "Z": 202.869843
    },
    {
      "Name": "位置 49",
      "Pitch": -0.000000,
      "Roll": 0.000000,
      "X": 664.228943,
      "Y": 1284.609131,
      "Yaw": -1.621116,
      "Z": 358.996216
    },
    {
      "Name": "位置 50",
      "Pitch": -0.000000,
      "Roll": 0.000000,
      "X": 1466.299683,
      "Y": 1096.531738,
      "Yaw": -1.434283,
      "Z": 113.034431
    },
    {
      "Name": "位置 51",
      "Pitch": -0.000002,
      "Roll": -0.000004,
      "X": 1221.520752,
      "Y": 1903.523926,
      "Yaw": 2.096792,
      "Z": 76.562851
    },
    {
      "Name": "位置 52",
      "Pitch": -0.000000,
      "Roll": 0.000000,
      "X": 1019.091187,
      "Y": 2456.796387,
      "Yaw": 1.409084,
      "Z": 43.404526
    },
    {
      "Name": "位置 53",
      "Pitch": -0.000000,
      "Roll": 0.000000,
      "X": -38.219307,
      "Y": 1938.486938,
      "Yaw": -2.749198,
      "Z": 188.924728
    },
    {
      "Name": "位置 54",
      "Pitch": -0.000000,
      "Roll": 0.000000,
      "X": 43.108635,
      "Y": 2790.969727,
      "Yaw": -0.749072,
      "Z": 56.578175
    },
    {
      "Name": "位置 55",
      "Pitch": -0.000000,
      "Roll": 0.000000,
      "X": 545.495728,
      "Y": 2881.566162,
      "Yaw": 2.766913,
      "Z": 41.691425
    },
    {
      "Name": "位置 56",
      "Pitch": -0.000001,
      "Roll": -0.000000,
      "X": 1323.938354,
      "Y": 3008.462402,
      "Yaw": 1.748223,
      "Z": 42.680531
    },
    {
      "Name": "位置 57",
      "Pitch": -0.000000,
      "Roll": 0.000000,
      "X": 1740.687012,
      "Y": 3327.091309,
      "Yaw": 0.288482,
      "Z": 39.923504
    },
    {
      "Name": "位置 58",
      "Pitch": -0.000000,
      "Roll": 0.000000,
      "X": 1642.169678,
      "Y": 2656.367676,
      "Yaw": 2.640209,
      "Z": 53.859150
    },
    {
      "Name": "位置 59",
      "Pitch": -0.000000,
      "Roll": 0.000000,
      "X": 2704.563721,
      "Y": 3520.906494,
      "Yaw": 1.119752,
      "Z": 60.226044
    },
    {
      "Name": "位置 60",
      "Pitch": -0.000000,
      "Roll": 0.000000,
      "X": 1767.102661,
      "Y": 3916.405273,
      "Yaw": 0.864355,
      "Z": 33.504848
    },
    {
      "Name": "位置 61",
      "Pitch": -0.000000,
      "Roll": 0.000000,
      "X": 98.002518,
      "Y": 3601.194580,
      "Yaw": -1.484351,
      "Z": 38.405495
    },
    {
      "Name": "位置 62",
      "Pitch": -0.000000,
      "Roll": 0.000000,
      "X": 66.017517,
      "Y": 3759.088135,
      "Yaw": 0.218341,
      "Z": 38.430927
    },
    {
      "Name": "位置 63",
      "Pitch": -0.000000,
      "Roll": 0.000000,
      "X": -214.966034,
      "Y": 3601.307373,
      "Yaw": -0.728854,
      "Z": 60.011475
    },
    {
      "Name": "位置 64",
      "Pitch": -0.000000,
      "Roll": 0.000000,
      "X": -1596.756592,
      "Y": 3053.527588,
      "Yaw": 0.186038,
      "Z": 31.266090
    },
    {
      "Name": "位置 65",
      "Pitch": -0.000000,
      "Roll": 0.000000,
      "X": -1937.313721,
      "Y": 3330.206543,
      "Yaw": -2.161123,
      "Z": 31.660275
    },
    {
      "Name": "位置 66",
      "Pitch": -0.000000,
      "Roll": 0.000000,
      "X": -2511.134766,
      "Y": 3614.847900,
      "Yaw": 2.981216,
      "Z": 12.375483
    },
    {
      "Name": "位置 67",
      "Pitch": -0.000000,
      "Roll": 0.000000,
      "X": -2199.821777,
      "Y": 4236.230469,
      "Yaw": 0.628745,
      "Z": 46.606396
    },
    {
      "Name": "位置 68",
      "Pitch": -0.000000,
      "Roll": 0.000000,
      "X": -1608.856567,
      "Y": 5261.347168,
      "Yaw": -0.468139,
      "Z": 2.674101
    },
    {
      "Name": "位置 69",
      "Pitch": -0.000000,
      "Roll": 0.000000,
      "X": -1148.507446,
      "Y": 4950.119141,
      "Yaw": -1.764683,
      "Z": 219.764481
    },
    {
      "Name": "位置 70",
      "Pitch": -0.000000,
      "Roll": 0.000000,
      "X": -581.447144,
      "Y": 5367.593750,
      "Yaw": 1.060837,
      "Z": 69.145889
    },
    {
      "Name": "位置 71",
      "Pitch": -0.000000,
      "Roll": 0.000000,
      "X": -331.228058,
      "Y": 6286.273438,
      "Yaw": 2.315741,
      "Z": 33.952305
    },
    {
      "Name": "位置 72",
      "Pitch": -0.000000,
      "Roll": 0.000000,
      "X": -13.715349,
      "Y": 6491.140625,
      "Yaw": 1.144728,
      "Z": 35.981075
    },
    {
      "Name": "位置 73",
      "Pitch": -0.000000,
      "Roll": 0.000000,
      "X": 439.470673,
      "Y": 6456.382324,
      "Yaw": -2.488472,
      "Z": 34.564915
    },
    {
      "Name": "位置 74",
      "Pitch": -0.000000,
      "Roll": 0.000000,
      "X": 1444.160278,
      "Y": 6332.031738,
      "Yaw": -2.967941,
      "Z": 22.659641
    },
    {
      "Name": "位置 75",
      "Pitch": -0.000053,
      "Roll": -0.000015,
      "X": 2982.992432,
      "Y": 6369.483398,
      "Yaw": 2.955458,
      "Z": 0.971165
    },
    {
      "Name": "位置 76",
      "Pitch": 0.000001,
      "Roll": -0.000001,
      "X": 3454.418701,
      "Y": 5509.379883,
      "Yaw": -0.466403,
      "Z": 17.562231
    },
    {
      "Name": "位置 77",
      "Pitch": -0.000000,
      "Roll": 0.000000,
      "X": 2193.535156,
      "Y": 5594.391113,
      "Yaw": 2.822023,
      "Z": 52.459553
    },
    {
      "Name": "位置 78",
      "Pitch": -0.000000,
      "Roll": 0.000000,
      "X": 2140.806885,
      "Y": 4789.579102,
      "Yaw": -1.025657,
      "Z": 39.670326
    },
    {
      "Name": "位置 79",
      "Pitch": -0.004856,
      "Roll": 0.017944,
      "X": 1383.668823,
      "Y": 4287.985840,
      "Yaw": -1.018845,
      "Z": 35.108025
    },
    {
      "Name": "位置 80",
      "Pitch": -0.000000,
      "Roll": 0.000000,
      "X": 712.288574,
      "Y": 4109.968262,
      "Yaw": -0.197006,
      "Z": 29.999687
    },
    {
      "Name": "位置 81",
      "Pitch": -0.000000,
      "Roll": 0.000000,
      "X": 326.015503,
      "Y": 4429.929199,
      "Yaw": 3.119103,
      "Z": 63.102314
    },
    {
      "Name": "位置 82",
      "Pitch": -0.000001,
      "Roll": 0.000000,
      "X": 496.745911,
      "Y": 5606.464844,
      "Yaw": -1.601086,
      "Z": 794.483887
    },
    {
      "Name": "位置 83",
      "Pitch": -0.000000,
      "Roll": 0.000000,
      "X": 3819.255127,
      "Y": 4488.754883,
      "Yaw": 2.042683,
      "Z": 2.792696
    },
    {
      "Name": "位置 84",
      "Pitch": 0.000000,
      "Roll": 0.000000,
      "X": 3608.547852,
      "Y": 3626.552734,
      "Yaw": -2.858176,
      "Z": 40.040405
    },
    {
      "Name": "位置 85",
      "Pitch": -0.000000,
      "Roll": -0.000000,
      "X": 2612.788818,
      "Y": 2782.678467,
      "Yaw": 1.532038,
      "Z": 32.360794
    },
    {
      "Name": "位置 86",
      "Pitch": 0.000000,
      "Roll": -0.000000,
      "X": 2517.078857,
      "Y": 2616.072998,
      "Yaw": -1.633252,
      "Z": 36.659767
    },
    {
      "Name": "位置 87",
      "Pitch": 0.000000,
      "Roll": 0.000000,
      "X": 2661.409912,
      "Y": 1641.384277,
      "Yaw": 3.049539,
      "Z": 23.571135
    },
    {
      "Name": "位置 88",
      "Pitch": -0.000000,
      "Roll": 0.000000,
      "X": 2498.905273,
      "Y": -429.821991,
      "Yaw": 1.439062,
      "Z": 91.693001
    },
    {
      "Name": "位置 89",
      "Pitch": -0.000000,
      "Roll": 0.000000,
      "X": 1901.852295,
      "Y": 573.164795,
      "Yaw": -1.984488,
      "Z": 175.279770
    },
    {
      "Name": "位置 90",
      "Pitch": -0.000000,
      "Roll": 0.000000,
      "X": 1667.971558,
      "Y": -26.435690,
      "Yaw": -1.414808,
      "Z": 183.469040
    },
    {
      "Name": "位置 91",
      "Pitch": -0.000000,
      "Roll": 0.000000,
      "X": -1639.697510,
      "Y": -3164.843750,
      "Yaw": 1.990902,
      "Z": 39.754005
    },
    {
      "Name": "位置 92",
      "Pitch": 0.000048,
      "Roll": -0.000123,
      "X": -927.635559,
      "Y": -2933.523438,
      "Yaw": 2.688954,
      "Z": 12.651628
    },
    {
      "Name": "位置 93",
      "Pitch": -0.000000,
      "Roll": 0.000000,
      "X": -789.613220,
      "Y": -2086.253906,
      "Yaw": -0.777036,
      "Z": 7.868330
    },
    {
      "Name": "位置 94",
      "Pitch": -0.000000,
      "Roll": 0.000000,
      "X": -196.187775,
      "Y": -2354.348633,
      "Yaw": 3.134358,
      "Z": 8.019210
    },
    {
      "Name": "位置 95",
      "Pitch": -0.000000,
      "Roll": -0.000000,
      "X": 580.890259,
      "Y": -2284.880127,
      "Yaw": -0.210797,
      "Z": 5.090649
    },
    {
      "Name": "位置 96",
      "Pitch": -0.000000,
      "Roll": 0.000000,
      "X": 431.366028,
      "Y": -2910.206543,
      "Yaw": -1.482508,
      "Z": 5.436515
    },
    {
      "Name": "位置 97",
      "Pitch": -0.000000,
      "Roll": 0.000000,
      "X": 981.890564,
      "Y": -2584.188721,
      "Yaw": 0.791663,
      "Z": 9.117020
    },
    {
      "Name": "位置 98",
      "Pitch": -0.000000,
      "Roll": 0.000000,
      "X": 1501.534546,
      "Y": -2513.494873,
      "Yaw": 1.695562,
      "Z": 54.954395
    },
    {
      "Name": "位置 99",
      "Pitch": -0.000005,
      "Roll": 0.000015,
      "X": 1575.499878,
      "Y": -1732.390747,
      "Yaw": 0.861612,
      "Z": 86.619728
    },
    {
      "Name": "位置 100",
      "Pitch": -0.000002,
      "Roll": -0.000003,
      "X": 1098.059082,
      "Y": -1529.811401,
      "Yaw": 0.148923,
      "Z": 33.593697
    },
    {
      "Name": "拉玛有机坊",
      "Pitch": -0.000000,
      "Roll": 0.000000,
      "X": -182.532272,
      "Y": -1698.461670,
      "Yaw": 2.253726,
      "Z": 31.401825
    },
  ], 
  "枪支厢型车": [
    {
      "Name": "位置 1",
      "Pitch": 0.000000,
      "Roll": 0.000000,
      "X": -29.532000,
      "Y": 6435.136230,
      "Yaw": 0.000000,
      "Z": 31.162001
    },
    {
      "Name": "位置 2",
      "Pitch": 0.000000,
      "Roll": 0.000000,
      "X": 1705.213989,
      "Y": 4819.166992,
      "Yaw": 0.000000,
      "Z": 41.750000
    },
    {
      "Name": "位置 3",
      "Pitch": 0.000000,
      "Roll": 0.000000,
      "X": 1795.521973,
      "Y": 3899.752930,
      "Yaw": 0.000000,
      "Z": 33.868999
    },
    {
      "Name": "位置 4",
      "Pitch": 0.000000,
      "Roll": 0.000000,
      "X": 1335.536011,
      "Y": 2758.746094,
      "Yaw": 0.000000,
      "Z": 51.098999
    },
    {
      "Name": "位置 5",
      "Pitch": 0.000000,
      "Roll": 0.000000,
      "X": 795.583008,
      "Y": 1210.780029,
      "Yaw": 0.000000,
      "Z": 338.962006
    },
    {
      "Name": "位置 6",
      "Pitch": 0.000000,
      "Roll": 0.000000,
      "X": -3192.669922,
      "Y": 1077.204956,
      "Yaw": 0.000000,
      "Z": 20.594000
    },
    {
      "Name": "位置 7",
      "Pitch": 0.000000,
      "Roll": 0.000000,
      "X": -789.718994,
      "Y": 5400.920898,
      "Yaw": 0.000000,
      "Z": 33.915001
    },
    {
      "Name": "位置 8",
      "Pitch": 0.000000,
      "Roll": 0.000000,
      "X": -24.384001,
      "Y": 3048.166992,
      "Yaw": 0.000000,
      "Z": 40.702999
    },
    {
      "Name": "位置 9",
      "Pitch": 0.000000,
      "Roll": 0.000000,
      "X": 2666.785889,
      "Y": 1469.323975,
      "Yaw": 0.000000,
      "Z": 24.237000
    },
    {
      "Name": "位置 10",
      "Pitch": 0.000000,
      "Roll": 0.000000,
      "X": -1454.965942,
      "Y": 2667.502930,
      "Yaw": 0.000000,
      "Z": 3.200000
    },
    {
      "Name": "位置 11",
      "Pitch": 0.000000,
      "Roll": 0.000000,
      "X": 2340.417969,
      "Y": 3054.187988,
      "Yaw": 0.000000,
      "Z": 47.888000
    },
    {
      "Name": "位置 12",
      "Pitch": 0.000000,
      "Roll": 0.000000,
      "X": 1509.182983,
      "Y": -2146.794922,
      "Yaw": 0.000000,
      "Z": 76.852997
    },
    {
      "Name": "位置 13",
      "Pitch": 0.000000,
      "Roll": 0.000000,
      "X": 1137.404053,
      "Y": -1358.654053,
      "Yaw": 0.000000,
      "Z": 34.321999
    },
    {
      "Name": "位置 14",
      "Pitch": 0.000000,
      "Roll": 0.000000,
      "X": -57.208000,
      "Y": -2658.792969,
      "Yaw": 0.000000,
      "Z": 5.737000
    },
    {
      "Name": "位置 15",
      "Pitch": 0.000000,
      "Roll": 0.000000,
      "X": 1905.016968,
      "Y": 565.221985,
      "Yaw": 0.000000,
      "Z": 175.557999
    },
    {
      "Name": "位置 16",
      "Pitch": 0.000000,
      "Roll": 0.000000,
      "X": 974.484009,
      "Y": -1718.797974,
      "Yaw": 0.000000,
      "Z": 30.296000
    },
    {
      "Name": "位置 17",
      "Pitch": 0.000000,
      "Roll": 0.000000,
      "X": 779.077026,
      "Y": -3266.297119,
      "Yaw": 0.000000,
      "Z": 5.719000
    },
    {
      "Name": "位置 18",
      "Pitch": 0.000000,
      "Roll": 0.000000,
      "X": -587.728027,
      "Y": -1637.208008,
      "Yaw": 0.000000,
      "Z": 19.611000
    },
    {
      "Name": "位置 19",
      "Pitch": 0.000000,
      "Roll": 0.000000,
      "X": 733.989990,
      "Y": -736.802979,
      "Yaw": 0.000000,
      "Z": 26.165001
    },
    {
      "Name": "位置 20",
      "Pitch": 0.000000,
      "Roll": 0.000000,
      "X": -1694.631958,
      "Y": -454.082001,
      "Yaw": 0.000000,
      "Z": 40.712002
    },
    {
      "Name": "位置 21",
      "Pitch": 0.000000,
      "Roll": 0.000000,
      "X": -1330.725952,
      "Y": -1163.947998,
      "Yaw": 0.000000,
      "Z": 4.313000
    },
    {
      "Name": "位置 22",
      "Pitch": 0.000000,
      "Roll": 0.000000,
      "X": -496.618011,
      "Y": 40.230999,
      "Yaw": 0.000000,
      "Z": 52.316002
    },
    {
      "Name": "位置 23",
      "Pitch": 0.000000,
      "Roll": 0.000000,
      "X": 275.527008,
      "Y": 66.509003,
      "Yaw": 0.000000,
      "Z": 94.108002
    },
    {
      "Name": "位置 24",
      "Pitch": 0.000000,
      "Roll": 0.000000,
      "X": 260.928009,
      "Y": -763.349976,
      "Yaw": 0.000000,
      "Z": 30.559000
    },
    {
      "Name": "位置 25",
      "Pitch": 0.000000,
      "Roll": 0.000000,
      "X": -478.024994,
      "Y": -741.450012,
      "Yaw": 0.000000,
      "Z": 30.299000
    },
    {
      "Name": "位置 26",
      "Pitch": 0.000000,
      "Roll": 0.000000,
      "X": 894.940002,
      "Y": 3603.910889,
      "Yaw": 0.000000,
      "Z": 32.560001
    },
    {
      "Name": "位置 27",
      "Pitch": 0.000000,
      "Roll": 0.000000,
      "X": -2166.510986,
      "Y": 4289.502930,
      "Yaw": 0.000000,
      "Z": 48.733002
    },
    {
      "Name": "位置 28",
      "Pitch": 0.000000,
      "Roll": 0.000000,
      "X": 1465.633057,
      "Y": 6553.669922,
      "Yaw": 0.000000,
      "Z": 13.771000
    },
    {
      "Name": "位置 29",
      "Pitch": 0.000000,
      "Roll": 0.000000,
      "X": 1101.031982,
      "Y": -335.171997,
      "Yaw": 0.000000,
      "Z": 66.944000
    },
    {
      "Name": "位置 30",
      "Pitch": 0.000000,
      "Roll": 0.000000,
      "X": 149.682999,
      "Y": -1655.673950,
      "Yaw": 0.000000,
      "Z": 29.028000
    },
  ], 
  "商店抢劫": [
    {
      "Name": "位置 1",
      "Pitch": -0.000000,
      "Roll": 0.000000,
      "X": -287.852570,
      "Y": 6203.160156,
      "Yaw": -2.251941,
      "Z": 30.022352
    },
    {
      "Name": "位置 2",
      "Pitch": -0.000000,
      "Roll": 0.000000,
      "X": 1724.865967,
      "Y": 6401.898926,
      "Yaw": -0.052037,
      "Z": 33.062435
    },
    {
      "Name": "位置 3",
      "Pitch": -0.000000,
      "Roll": 0.000000,
      "X": 1691.582520,
      "Y": 4945.467773,
      "Yaw": -2.606147,
      "Z": 41.234306
    },
    {
      "Name": "位置 4",
      "Pitch": -0.000000,
      "Roll": 0.000000,
      "X": 1382.068604,
      "Y": 3592.033936,
      "Yaw": -0.899770,
      "Z": 33.599178
    },
    {
      "Name": "位置 5",
      "Pitch": -0.000000,
      "Roll": 0.000000,
      "X": 1960.114624,
      "Y": 3731.077637,
      "Yaw": -0.345127,
      "Z": 31.020149
    },
    {
      "Name": "位置 6",
      "Pitch": -0.000000,
      "Roll": 0.000000,
      "X": 2691.099609,
      "Y": 3289.687256,
      "Yaw": 2.121105,
      "Z": 53.940598
    },
    {
      "Name": "位置 7",
      "Pitch": -0.000000,
      "Roll": 0.000000,
      "X": 2566.367920,
      "Y": 393.686707,
      "Yaw": 2.671401,
      "Z": 107.162315
    },
    {
      "Name": "位置 8",
      "Pitch": -0.000000,
      "Roll": 0.000000,
      "X": 1205.319580,
      "Y": 2695.968506,
      "Yaw": 0.785247,
      "Z": 36.649525
    },
    {
      "Name": "位置 9",
      "Pitch": -0.000000,
      "Roll": 0.000000,
      "X": 552.240845,
      "Y": 2682.727539,
      "Yaw": 2.425078,
      "Z": 40.823124
    },
    {
      "Name": "位置 10",
      "Pitch": -0.000000,
      "Roll": 0.000000,
      "X": -1087.800171,
      "Y": 2708.041748,
      "Yaw": 1.973203,
      "Z": 17.772314
    },
    {
      "Name": "位置 11",
      "Pitch": -0.000000,
      "Roll": 0.000000,
      "X": -3152.531982,
      "Y": 1069.807129,
      "Yaw": 2.194325,
      "Z": 19.374056
    },
    {
      "Name": "位置 12",
      "Pitch": -0.000000,
      "Roll": 0.000000,
      "X": -2976.694092,
      "Y": 399.934235,
      "Yaw": -2.888594,
      "Z": 13.770683
    },
    {
      "Name": "位置 13",
      "Pitch": -0.000000,
      "Roll": 0.000000,
      "X": -1811.523193,
      "Y": 779.210266,
      "Yaw": 0.812964,
      "Z": 135.871689
    },
    {
      "Name": "位置 14",
      "Pitch": -0.000000,
      "Roll": 0.000000,
      "X": 364.654785,
      "Y": 321.179626,
      "Yaw": -1.347108,
      "Z": 102.368752
    },
    {
      "Name": "位置 15",
      "Pitch": -0.000000,
      "Roll": 0.000000,
      "X": 1204.959839,
      "Y": -452.817413,
      "Yaw": -3.113671,
      "Z": 65.419098
    },
    {
      "Name": "位置 16",
      "Pitch": -0.000000,
      "Roll": 0.000000,
      "X": 1144.461914,
      "Y": -971.952026,
      "Yaw": 2.979645,
      "Z": 45.410664
    },
    {
      "Name": "位置 17",
      "Pitch": -0.000000,
      "Roll": 0.000000,
      "X": 1325.111328,
      "Y": -1641.110474,
      "Yaw": 2.702414,
      "Z": 50.845524
    },
    {
      "Name": "位置 18",
      "Pitch": -0.000000,
      "Roll": 0.000000,
      "X": -69.972717,
      "Y": -1749.920898,
      "Yaw": -1.887495,
      "Z": 28.222775
    },
    {
      "Name": "位置 19",
      "Pitch": -0.000000,
      "Roll": 0.000000,
      "X": 17.032288,
      "Y": -1355.083740,
      "Yaw": -1.163134,
      "Z": 27.951443
    },
    {
      "Name": "位置 20",
      "Pitch": -0.000000,
      "Roll": 0.000000,
      "X": -1165.692261,
      "Y": -1423.761230,
      "Yaw": -1.606143,
      "Z": 3.179864
    },
    {
      "Name": "位置 21",
      "Pitch": -0.000000,
      "Roll": 0.000000,
      "X": -812.482483,
      "Y": -1093.840454,
      "Yaw": 0.324846,
      "Z": 9.493872
    },
    {
      "Name": "位置 22",
      "Pitch": -0.000000,
      "Roll": 0.000000,
      "X": -1221.329956,
      "Y": -890.554077,
      "Yaw": 2.719614,
      "Z": 11.161150
    },
    {
      "Name": "位置 23",
      "Pitch": -0.000000,
      "Roll": 0.000000,
      "X": -1505.284790,
      "Y": -385.871796,
      "Yaw": -1.464677,
      "Z": 39.228844
    },
    {
      "Name": "位置 24",
      "Pitch": -0.000000,
      "Roll": 0.000000,
      "X": -838.409668,
      "Y": -175.998566,
      "Yaw": -2.090084,
      "Z": 36.088623
    },
    {
      "Name": "位置 25",
      "Pitch": -0.000000,
      "Roll": 0.000000,
      "X": -147.906311,
      "Y": -298.131042,
      "Yaw": 2.305847,
      "Z": 38.258091
    },
  ], 
  "藏匿屋": [
    {
      "Name": "位置 1",
      "Pitch": 0.000000,
      "Roll": 0.000000,
      "X": -157.009003,
      "Y": 6293.160156,
      "Yaw": 0.000000,
      "Z": 32.182999
    },
    {
      "Name": "位置 2",
      "Pitch": 0.000000,
      "Roll": 0.000000,
      "X": -1102.067017,
      "Y": 4940.500000,
      "Yaw": 0.000000,
      "Z": 218.854004
    },
    {
      "Name": "位置 3",
      "Pitch": 0.000000,
      "Roll": 0.000000,
      "X": 2257.657959,
      "Y": 5165.474121,
      "Yaw": 0.000000,
      "Z": 59.617001
    },
    {
      "Name": "位置 4",
      "Pitch": 0.000000,
      "Roll": 0.000000,
      "X": 2882.539062,
      "Y": 4511.958008,
      "Yaw": 0.000000,
      "Z": 48.505001
    },
    {
      "Name": "位置 5",
      "Pitch": 0.000000,
      "Roll": 0.000000,
      "X": 1334.505981,
      "Y": 4306.189941,
      "Yaw": 0.000000,
      "Z": 38.826000
    },
    {
      "Name": "位置 6",
      "Pitch": 0.000000,
      "Roll": 0.000000,
      "X": 1857.284058,
      "Y": 3854.888916,
      "Yaw": 0.000000,
      "Z": 33.589001
    },
    {
      "Name": "位置 7",
      "Pitch": 0.000000,
      "Roll": 0.000000,
      "X": 906.301025,
      "Y": 3585.916016,
      "Yaw": 0.000000,
      "Z": 34.049999
    },
    {
      "Name": "位置 8",
      "Pitch": 0.000000,
      "Roll": 0.000000,
      "X": 2403.178955,
      "Y": 3127.593018,
      "Yaw": 0.000000,
      "Z": 48.733002
    },
    {
      "Name": "位置 9",
      "Pitch": 0.000000,
      "Roll": 0.000000,
      "X": 549.950317,
      "Y": 2656.797119,
      "Yaw": 0.000000,
      "Z": 42.841999
    },
    {
      "Name": "位置 10",
      "Pitch": 0.000000,
      "Roll": 0.000000,
      "X": -1099.406982,
      "Y": 2723.031982,
      "Yaw": 0.000000,
      "Z": 19.400000
    },
    {
      "Name": "位置 11",
      "Pitch": 0.000000,
      "Roll": 0.000000,
      "X": -126.707001,
      "Y": 1896.969971,
      "Yaw": 0.000000,
      "Z": 197.832993
    },
    {
      "Name": "位置 12",
      "Pitch": 0.000000,
      "Roll": 0.000000,
      "X": 1547.020996,
      "Y": 2166.854004,
      "Yaw": 0.000000,
      "Z": 79.475998
    },
    {
      "Name": "位置 13",
      "Pitch": 0.000000,
      "Roll": 0.000000,
      "X": -3170.756104,
      "Y": 1033.824951,
      "Yaw": 0.000000,
      "Z": 21.344999
    },
    {
      "Name": "位置 14",
      "Pitch": 0.000000,
      "Roll": 0.000000,
      "X": 121.202103,
      "Y": 319.756714,
      "Yaw": 0.000000,
      "Z": 112.651001
    },
    {
      "Name": "位置 15",
      "Pitch": 0.000000,
      "Roll": 0.000000,
      "X": -582.864990,
      "Y": 196.080002,
      "Yaw": 0.000000,
      "Z": 71.945999
    },
    {
      "Name": "位置 16",
      "Pitch": 0.000000,
      "Roll": 0.000000,
      "X": -1308.821045,
      "Y": -169.213303,
      "Yaw": 0.000000,
      "Z": 44.459999
    },
    {
      "Name": "位置 17",
      "Pitch": 0.000000,
      "Roll": 0.000000,
      "X": 98.995102,
      "Y": -240.264999,
      "Yaw": 0.000000,
      "Z": 51.898998
    },
    {
      "Name": "位置 18",
      "Pitch": 0.000000,
      "Roll": 0.000000,
      "X": 1153.067017,
      "Y": -431.585602,
      "Yaw": 0.000000,
      "Z": 67.531998
    },
    {
      "Name": "位置 19",
      "Pitch": 0.000000,
      "Roll": 0.000000,
      "X": -546.594971,
      "Y": -873.169983,
      "Yaw": 0.000000,
      "Z": 27.698999
    },
    {
      "Name": "位置 20",
      "Pitch": 0.000000,
      "Roll": 0.000000,
      "X": -1292.619019,
      "Y": -1258.782959,
      "Yaw": 0.000000,
      "Z": 4.704000
    },
    {
      "Name": "位置 21",
      "Pitch": 0.000000,
      "Roll": 0.000000,
      "X": 161.867706,
      "Y": -1307.827026,
      "Yaw": 0.000000,
      "Z": 29.775000
    },
    {
      "Name": "位置 22",
      "Pitch": 0.000000,
      "Roll": 0.000000,
      "X": 979.472290,
      "Y": -1982.928955,
      "Yaw": 0.000000,
      "Z": 31.075001
    },
    {
      "Name": "位置 23",
      "Pitch": 0.000000,
      "Roll": 0.000000,
      "X": 1125.251953,
      "Y": -1010.169006,
      "Yaw": 0.000000,
      "Z": 45.178001
    },
    {
      "Name": "位置 24",
      "Pitch": 0.000000,
      "Roll": 0.000000,
      "X": 167.298004,
      "Y": -2221.832031,
      "Yaw": 0.000000,
      "Z": 7.775000
    },
    {
      "Name": "位置 25",
      "Pitch": 0.000000,
      "Roll": 0.000000,
      "X": -559.343811,
      "Y": -1804.689941,
      "Yaw": 0.000000,
      "Z": 23.110001
    },
  ], 
  "街头毒贩": [
    {
      "Name": "位置 1",
      "Pitch": 0.000000,
      "Roll": 0.000000,
      "X": 550.895325,
      "Y": -1774.516968,
      "Yaw": 0.000000,
      "Z": 28.312099
    },
    {
      "Name": "位置 2",
      "Pitch": 0.000000,
      "Roll": 0.000000,
      "X": -154.923996,
      "Y": 6434.428223,
      "Yaw": 0.000000,
      "Z": 30.916000
    },
    {
      "Name": "位置 3",
      "Pitch": 0.000000,
      "Roll": 0.000000,
      "X": 400.976807,
      "Y": 2635.368896,
      "Yaw": 0.000000,
      "Z": 43.504501
    },
    {
      "Name": "位置 4",
      "Pitch": 0.000000,
      "Roll": 0.000000,
      "X": 1533.845947,
      "Y": 3796.836914,
      "Yaw": 0.000000,
      "Z": 33.456001
    },
    {
      "Name": "位置 5",
      "Pitch": 0.000000,
      "Roll": 0.000000,
      "X": -1666.641968,
      "Y": -1080.020020,
      "Yaw": 0.000000,
      "Z": 12.153700
    },
    {
      "Name": "位置 6",
      "Pitch": 0.000000,
      "Roll": 0.000000,
      "X": -1560.609985,
      "Y": -413.322113,
      "Yaw": 0.000000,
      "Z": 37.100101
    },
    {
      "Name": "位置 7",
      "Pitch": 0.000000,
      "Roll": 0.000000,
      "X": 819.293884,
      "Y": -2988.855957,
      "Yaw": 0.000000,
      "Z": 5.020900
    },
    {
      "Name": "位置 8",
      "Pitch": 0.000000,
      "Roll": 0.000000,
      "X": 1001.700989,
      "Y": -2162.447998,
      "Yaw": 0.000000,
      "Z": 29.566999
    },
    {
      "Name": "位置 9",
      "Pitch": 0.000000,
      "Roll": 0.000000,
      "X": 1388.968018,
      "Y": -1506.082031,
      "Yaw": 0.000000,
      "Z": 57.040699
    },
    {
      "Name": "位置 10",
      "Pitch": 0.000000,
      "Roll": 0.000000,
      "X": -3054.573975,
      "Y": 556.710999,
      "Yaw": 0.000000,
      "Z": 0.661000
    },
    {
      "Name": "位置 11",
      "Pitch": 0.000000,
      "Roll": 0.000000,
      "X": -72.890297,
      "Y": 80.717003,
      "Yaw": 0.000000,
      "Z": 70.616096
    },
    {
      "Name": "位置 12",
      "Pitch": 0.000000,
      "Roll": 0.000000,
      "X": 198.667603,
      "Y": -167.066299,
      "Yaw": 0.000000,
      "Z": 55.318699
    },
    {
      "Name": "位置 13",
      "Pitch": 0.000000,
      "Roll": 0.000000,
      "X": 814.635986,
      "Y": -280.109009,
      "Yaw": 0.000000,
      "Z": 65.462997
    },
    {
      "Name": "位置 14",
      "Pitch": 0.000000,
      "Roll": 0.000000,
      "X": -237.003998,
      "Y": -256.513000,
      "Yaw": 0.000000,
      "Z": 38.122002
    },
    {
      "Name": "位置 15",
      "Pitch": 0.000000,
      "Roll": 0.000000,
      "X": -493.653992,
      "Y": -720.734009,
      "Yaw": 0.000000,
      "Z": 22.921000
    },
    {
      "Name": "位置 16",
      "Pitch": 0.000000,
      "Roll": 0.000000,
      "X": 156.158600,
      "Y": 6656.524902,
      "Yaw": 0.000000,
      "Z": 30.588200
    },
    {
      "Name": "位置 17",
      "Pitch": 0.000000,
      "Roll": 0.000000,
      "X": 1986.312988,
      "Y": 3786.750000,
      "Yaw": 0.000000,
      "Z": 31.279100
    },
    {
      "Name": "位置 18",
      "Pitch": 0.000000,
      "Roll": 0.000000,
      "X": -685.562927,
      "Y": 5762.871094,
      "Yaw": 0.000000,
      "Z": 16.511000
    },
    {
      "Name": "位置 19",
      "Pitch": 0.000000,
      "Roll": 0.000000,
      "X": 1707.703003,
      "Y": 4924.311035,
      "Yaw": 0.000000,
      "Z": 41.077999
    },
    {
      "Name": "位置 20",
      "Pitch": 0.000000,
      "Roll": 0.000000,
      "X": 1195.305054,
      "Y": 2630.468994,
      "Yaw": 0.000000,
      "Z": 36.810001
    },
    {
      "Name": "位置 21",
      "Pitch": 0.000000,
      "Roll": 0.000000,
      "X": 167.016296,
      "Y": 2228.922119,
      "Yaw": 0.000000,
      "Z": 89.786697
    },
    {
      "Name": "位置 22",
      "Pitch": 0.000000,
      "Roll": 0.000000,
      "X": 2724.008057,
      "Y": 1483.066040,
      "Yaw": 0.000000,
      "Z": 23.500700
    },
    {
      "Name": "位置 23",
      "Pitch": 0.000000,
      "Roll": 0.000000,
      "X": 1594.932983,
      "Y": 6452.816895,
      "Yaw": 0.000000,
      "Z": 24.317200
    },
    {
      "Name": "位置 24",
      "Pitch": 0.000000,
      "Roll": 0.000000,
      "X": -2177.396973,
      "Y": 4275.944824,
      "Yaw": 0.000000,
      "Z": 48.119999
    },
    {
      "Name": "位置 25",
      "Pitch": 0.000000,
      "Roll": 0.000000,
      "X": -2521.249023,
      "Y": 2311.793945,
      "Yaw": 0.000000,
      "Z": 32.216000
    },
    {
      "Name": "位置 26",
      "Pitch": 0.000000,
      "Roll": 0.000000,
      "X": -3162.873047,
      "Y": 1115.641968,
      "Yaw": 0.000000,
      "Z": 19.852600
    },
    {
      "Name": "位置 27",
      "Pitch": 0.000000,
      "Roll": 0.000000,
      "X": -1145.026001,
      "Y": -2048.466064,
      "Yaw": 0.000000,
      "Z": 12.218000
    },
    {
      "Name": "位置 28",
      "Pitch": 0.000000,
      "Roll": 0.000000,
      "X": -1304.321045,
      "Y": -1318.848022,
      "Yaw": 0.000000,
      "Z": 3.880000
    },
    {
      "Name": "位置 29",
      "Pitch": 0.000000,
      "Roll": 0.000000,
      "X": -946.726990,
      "Y": 322.080994,
      "Yaw": 0.000000,
      "Z": 70.357002
    },
    {
      "Name": "位置 30",
      "Pitch": 0.000000,
      "Roll": 0.000000,
      "X": -895.112000,
      "Y": -776.624023,
      "Yaw": 0.000000,
      "Z": 14.910000
    },
    {
      "Name": "位置 31",
      "Pitch": 0.000000,
      "Roll": 0.000000,
      "X": -250.613998,
      "Y": -1527.616943,
      "Yaw": 0.000000,
      "Z": 30.561001
    },
    {
      "Name": "位置 32",
      "Pitch": 0.000000,
      "Roll": 0.000000,
      "X": -601.638977,
      "Y": -1026.489990,
      "Yaw": 0.000000,
      "Z": 21.549999
    },
    {
      "Name": "位置 33",
      "Pitch": 0.000000,
      "Roll": 0.000000,
      "X": 2712.987061,
      "Y": 4324.116211,
      "Yaw": 0.000000,
      "Z": 44.852100
    },
    {
      "Name": "位置 34",
      "Pitch": 0.000000,
      "Roll": 0.000000,
      "X": 726.771973,
      "Y": 4169.101074,
      "Yaw": 0.000000,
      "Z": 39.709000
    },
    {
      "Name": "位置 35",
      "Pitch": 0.000000,
      "Roll": 0.000000,
      "X": 178.327194,
      "Y": 3086.260010,
      "Yaw": 0.000000,
      "Z": 42.074200
    },
    {
      "Name": "位置 36",
      "Pitch": 0.000000,
      "Roll": 0.000000,
      "X": 2351.592041,
      "Y": 2524.249023,
      "Yaw": 0.000000,
      "Z": 46.694000
    },
    {
      "Name": "位置 37",
      "Pitch": 0.000000,
      "Roll": 0.000000,
      "X": 388.994110,
      "Y": 799.688171,
      "Yaw": 0.000000,
      "Z": 186.676407
    },
    {
      "Name": "位置 38",
      "Pitch": 0.000000,
      "Roll": 0.000000,
      "X": 2587.981934,
      "Y": 433.680298,
      "Yaw": 0.000000,
      "Z": 107.613899
    },
    {
      "Name": "位置 39",
      "Pitch": 0.000000,
      "Roll": 0.000000,
      "X": 830.287476,
      "Y": -1052.775024,
      "Yaw": 0.000000,
      "Z": 27.666599
    },
    {
      "Name": "位置 40",
      "Pitch": 0.000000,
      "Roll": 0.000000,
      "X": -759.661987,
      "Y": -208.395996,
      "Yaw": 0.000000,
      "Z": 36.271000
    },
    {
      "Name": "位置 41",
      "Pitch": 0.000000,
      "Roll": 0.000000,
      "X": -43.717098,
      "Y": -2015.219971,
      "Yaw": 0.000000,
      "Z": 17.017000
    },
    {
      "Name": "位置 42",
      "Pitch": 0.000000,
      "Roll": 0.000000,
      "X": 124.019997,
      "Y": -1039.884033,
      "Yaw": 0.000000,
      "Z": 28.212999
    },
    {
      "Name": "位置 43",
      "Pitch": 0.000000,
      "Roll": 0.000000,
      "X": 479.047302,
      "Y": -597.550720,
      "Yaw": 0.000000,
      "Z": 27.499599
    },
    {
      "Name": "位置 44",
      "Pitch": 0.000000,
      "Roll": 0.000000,
      "X": 959.669983,
      "Y": 3619.035889,
      "Yaw": 0.000000,
      "Z": 31.667999
    },
    {
      "Name": "位置 45",
      "Pitch": 0.000000,
      "Roll": 0.000000,
      "X": 2375.898926,
      "Y": 3162.995117,
      "Yaw": 0.000000,
      "Z": 47.208698
    },
    {
      "Name": "位置 46",
      "Pitch": 0.000000,
      "Roll": 0.000000,
      "X": -1505.687012,
      "Y": 1526.557983,
      "Yaw": 0.000000,
      "Z": 114.257004
    },
    {
      "Name": "位置 47",
      "Pitch": 0.000000,
      "Roll": 0.000000,
      "X": 645.737000,
      "Y": 242.173004,
      "Yaw": 0.000000,
      "Z": 101.153000
    },
    {
      "Name": "位置 48",
      "Pitch": 0.000000,
      "Roll": 0.000000,
      "X": 1173.137939,
      "Y": -388.289612,
      "Yaw": 0.000000,
      "Z": 70.589600
    },
    {
      "Name": "位置 49",
      "Pitch": 0.000000,
      "Roll": 0.000000,
      "X": -1801.849976,
      "Y": 172.490005,
      "Yaw": 0.000000,
      "Z": 67.771004
    },
    {
      "Name": "位置 50",
      "Pitch": 0.000000,
      "Roll": 0.000000,
      "X": 3729.257080,
      "Y": 4524.872070,
      "Yaw": 0.000000,
      "Z": 21.475500
    },
  ], 
  "杰拉德包裹": [
		{
			"Name": "位置 1-1",
			"Pitch": 0.000000,
			"Roll": 0.000000,
			"X": 1113.557739,
			"Y": -645.957703,
			"Yaw": 0.000000,
			"Z": 56.091000
		},
		{
			"Name": "位置 1-2",
			"Pitch": 0.000000,
			"Roll": 0.000000,
			"X": 1142.874023,
			"Y": -662.950989,
			"Yaw": 0.000000,
			"Z": 57.134998
		},
		{
			"Name": "位置 1-3",
			"Pitch": 0.000000,
			"Roll": 0.000000,
			"X": 1146.691040,
			"Y": -703.716980,
			"Yaw": 0.000000,
			"Z": 56.167000
		},
		{
			"Name": "位置 1-4",
			"Pitch": 0.000000,
			"Roll": 0.000000,
			"X": 1073.541992,
			"Y": -678.236023,
			"Yaw": 0.000000,
			"Z": 56.583000
		},
		{
			"Name": "位置 1-5",
			"Pitch": 0.000000,
			"Roll": 0.000000,
			"X": 1046.453979,
			"Y": -722.914978,
			"Yaw": 0.000000,
			"Z": 56.418999
		},
		{
			"Name": "位置 2-1",
			"Pitch": 0.000000,
			"Roll": 0.000000,
			"X": 2064.712891,
			"Y": 3489.879883,
			"Yaw": 0.000000,
			"Z": 44.223000
		},
		{
			"Name": "位置 2-2",
			"Pitch": 0.000000,
			"Roll": 0.000000,
			"X": 2081.858887,
			"Y": 3553.253906,
			"Yaw": 0.000000,
			"Z": 42.157001
		},
		{
			"Name": "位置 2-3",
			"Pitch": 0.000000,
			"Roll": 0.000000,
			"X": 2014.719971,
			"Y": 3551.499023,
			"Yaw": 0.000000,
			"Z": 42.726002
		},
		{
			"Name": "位置 2-4",
			"Pitch": 0.000000,
			"Roll": 0.000000,
			"X": 1997.019043,
			"Y": 3507.839111,
			"Yaw": 0.000000,
			"Z": 39.666000
		},
		{
			"Name": "位置 2-5",
			"Pitch": 0.000000,
			"Roll": 0.000000,
			"X": 2045.597046,
			"Y": 3564.345947,
			"Yaw": 0.000000,
			"Z": 39.342999
		},
		{
			"Name": "位置 3-1",
			"Pitch": 0.000000,
			"Roll": 0.000000,
			"X": -1317.343994,
			"Y": -1481.969971,
			"Yaw": 0.000000,
			"Z": 3.923000
		},
		{
			"Name": "位置 3-2",
			"Pitch": 0.000000,
			"Roll": 0.000000,
			"X": -1350.041016,
			"Y": -1478.272949,
			"Yaw": 0.000000,
			"Z": 4.567000
		},
		{
			"Name": "位置 3-3",
			"Pitch": 0.000000,
			"Roll": 0.000000,
			"X": -1393.869995,
			"Y": -1445.139038,
			"Yaw": 0.000000,
			"Z": 3.437000
		},
		{
			"Name": "位置 3-4",
			"Pitch": 0.000000,
			"Roll": 0.000000,
			"X": -1367.034058,
			"Y": -1413.991943,
			"Yaw": 0.000000,
			"Z": 2.611000
		},
		{
			"Name": "位置 3-5",
			"Pitch": 0.000000,
			"Roll": 0.000000,
			"X": -1269.860962,
			"Y": -1426.271973,
			"Yaw": 0.000000,
			"Z": 3.556000
		},
		{
			"Name": "位置 4-1",
			"Pitch": 0.000000,
			"Roll": 0.000000,
			"X": -295.467987,
			"Y": 2787.385010,
			"Yaw": 0.000000,
			"Z": 59.863998
		},
		{
			"Name": "位置 4-2",
			"Pitch": 0.000000,
			"Roll": 0.000000,
			"X": -284.690002,
			"Y": 2848.233887,
			"Yaw": 0.000000,
			"Z": 53.265999
		},
		{
			"Name": "位置 4-3",
			"Pitch": 0.000000,
			"Roll": 0.000000,
			"X": -329.192993,
			"Y": 2803.404053,
			"Yaw": 0.000000,
			"Z": 57.786999
		},
		{
			"Name": "位置 4-4",
			"Pitch": 0.000000,
			"Roll": 0.000000,
			"X": -306.846985,
			"Y": 2825.600098,
			"Yaw": 0.000000,
			"Z": 58.219002
		},
		{
			"Name": "位置 4-5",
			"Pitch": 0.000000,
			"Roll": 0.000000,
			"X": -336.045990,
			"Y": 2829.988037,
			"Yaw": 0.000000,
			"Z": 55.448002
		},
		{
			"Name": "位置 5-1",
			"Pitch": 0.000000,
			"Roll": 0.000000,
			"X": -1725.244995,
			"Y": 233.945999,
			"Yaw": 0.000000,
			"Z": 57.685001
		},
		{
			"Name": "位置 5-2",
			"Pitch": 0.000000,
			"Roll": 0.000000,
			"X": -1639.891968,
			"Y": 225.520996,
			"Yaw": 0.000000,
			"Z": 60.335999
		},
		{
			"Name": "位置 5-3",
			"Pitch": 0.000000,
			"Roll": 0.000000,
			"X": -1648.479980,
			"Y": 212.048996,
			"Yaw": 0.000000,
			"Z": 59.777000
		},
		{
			"Name": "位置 5-4",
			"Pitch": 0.000000,
			"Roll": 0.000000,
			"X": -1693.317993,
			"Y": 156.664993,
			"Yaw": 0.000000,
			"Z": 63.855000
		},
		{
			"Name": "位置 5-5",
			"Pitch": 0.000000,
			"Roll": 0.000000,
			"X": -1699.192993,
			"Y": 179.574005,
			"Yaw": 0.000000,
			"Z": 63.185001
		},
		{
			"Name": "位置 6-1",
			"Pitch": 0.000000,
			"Roll": 0.000000,
			"X": -949.713989,
			"Y": -710.658020,
			"Yaw": 0.000000,
			"Z": 19.604000
		},
		{
			"Name": "位置 6-2",
			"Pitch": 0.000000,
			"Roll": 0.000000,
			"X": -938.773987,
			"Y": -781.817017,
			"Yaw": 0.000000,
			"Z": 19.657000
		},
		{
			"Name": "位置 6-3",
			"Pitch": 0.000000,
			"Roll": 0.000000,
			"X": -884.909973,
			"Y": -786.862976,
			"Yaw": 0.000000,
			"Z": 15.043000
		},
		{
			"Name": "位置 6-4",
			"Pitch": 0.000000,
			"Roll": 0.000000,
			"X": -895.257019,
			"Y": -729.942993,
			"Yaw": 0.000000,
			"Z": 19.143000
		},
		{
			"Name": "位置 6-5",
			"Pitch": 0.000000,
			"Roll": 0.000000,
			"X": -932.986023,
			"Y": -746.452026,
			"Yaw": 0.000000,
			"Z": 19.007999
		},
		{
			"Name": "位置 7-1",
			"Pitch": 0.000000,
			"Roll": 0.000000,
			"X": -425.947998,
			"Y": 1213.342041,
			"Yaw": 0.000000,
			"Z": 324.936005
		},
		{
			"Name": "位置 7-2",
			"Pitch": 0.000000,
			"Roll": 0.000000,
			"X": -387.266998,
			"Y": 1137.650024,
			"Yaw": 0.000000,
			"Z": 321.704010
		},
		{
			"Name": "位置 7-3",
			"Pitch": 0.000000,
			"Roll": 0.000000,
			"X": -477.998993,
			"Y": 1135.359985,
			"Yaw": 0.000000,
			"Z": 320.122986
		},
		{
			"Name": "位置 7-4",
			"Pitch": 0.000000,
			"Roll": 0.000000,
			"X": -431.821991,
			"Y": 1119.448975,
			"Yaw": 0.000000,
			"Z": 325.963989
		},
		{
			"Name": "位置 7-5",
			"Pitch": 0.000000,
			"Roll": 0.000000,
			"X": -387.902008,
			"Y": 1161.655029,
			"Yaw": 0.000000,
			"Z": 324.528992
		},
		{
			"Name": "位置 8-1",
			"Pitch": 0.000000,
			"Roll": 0.000000,
			"X": -3381.278076,
			"Y": 965.533997,
			"Yaw": 0.000000,
			"Z": 7.426000
		},
		{
			"Name": "位置 8-2",
			"Pitch": 0.000000,
			"Roll": 0.000000,
			"X": -3427.724121,
			"Y": 979.943970,
			"Yaw": 0.000000,
			"Z": 7.526000
		},
		{
			"Name": "位置 8-3",
			"Pitch": 0.000000,
			"Roll": 0.000000,
			"X": -3413.605957,
			"Y": 961.844971,
			"Yaw": 0.000000,
			"Z": 11.038000
		},
		{
			"Name": "位置 8-4",
			"Pitch": 0.000000,
			"Roll": 0.000000,
			"X": -3419.584961,
			"Y": 977.594971,
			"Yaw": 0.000000,
			"Z": 11.167000
		},
		{
			"Name": "位置 8-5",
			"Pitch": 0.000000,
			"Roll": 0.000000,
			"X": -3425.687012,
			"Y": 961.215027,
			"Yaw": 0.000000,
			"Z": 7.536000
		},
		{
			"Name": "位置 9-1",
			"Pitch": 0.000000,
			"Roll": 0.000000,
			"X": -688.731995,
			"Y": 5828.399902,
			"Yaw": 0.000000,
			"Z": 16.695999
		},
		{
			"Name": "位置 9-2",
			"Pitch": 0.000000,
			"Roll": 0.000000,
			"X": -673.424988,
			"Y": 5799.744141,
			"Yaw": 0.000000,
			"Z": 16.466999
		},
		{
			"Name": "位置 9-3",
			"Pitch": 0.000000,
			"Roll": 0.000000,
			"X": -710.348022,
			"Y": 5769.630859,
			"Yaw": 0.000000,
			"Z": 16.750000
		},
		{
			"Name": "位置 9-4",
			"Pitch": 0.000000,
			"Roll": 0.000000,
			"X": -699.926025,
			"Y": 5801.619141,
			"Yaw": 0.000000,
			"Z": 16.504000
		},
		{
			"Name": "位置 9-5",
			"Pitch": 0.000000,
			"Roll": 0.000000,
			"X": -660.359009,
			"Y": 5781.732910,
			"Yaw": 0.000000,
			"Z": 18.774000
		},
		{
			"Name": "位置 10-1",
			"Pitch": 0.000000,
			"Roll": 0.000000,
			"X": 38.716999,
			"Y": 6264.172852,
			"Yaw": 0.000000,
			"Z": 32.880001
		},
		{
			"Name": "位置 10-2",
			"Pitch": 0.000000,
			"Roll": 0.000000,
			"X": 84.669998,
			"Y": 6292.286133,
			"Yaw": 0.000000,
			"Z": 30.731001
		},
		{
			"Name": "位置 10-3",
			"Pitch": 0.000000,
			"Roll": 0.000000,
			"X": 97.169998,
			"Y": 6288.558105,
			"Yaw": 0.000000,
			"Z": 38.446999
		},
		{
			"Name": "位置 10-4",
			"Pitch": 0.000000,
			"Roll": 0.000000,
			"X": 14.453000,
			"Y": 6243.932129,
			"Yaw": 0.000000,
			"Z": 35.445000
		},
		{
			"Name": "位置 10-5",
			"Pitch": 0.000000,
			"Roll": 0.000000,
			"X": 67.519997,
			"Y": 6261.744141,
			"Yaw": 0.000000,
			"Z": 32.028999
		},
		{
			"Name": "位置 11-1",
			"Pitch": 0.000000,
			"Roll": 0.000000,
			"X": 2954.597900,
			"Y": 4671.458008,
			"Yaw": 0.000000,
			"Z": 50.105999
		},
		{
			"Name": "位置 11-2",
			"Pitch": 0.000000,
			"Roll": 0.000000,
			"X": 2911.145996,
			"Y": 4637.607910,
			"Yaw": 0.000000,
			"Z": 49.299999
		},
		{
			"Name": "位置 11-3",
			"Pitch": 0.000000,
			"Roll": 0.000000,
			"X": 2945.211914,
			"Y": 4624.043945,
			"Yaw": 0.000000,
			"Z": 49.077999
		},
		{
			"Name": "位置 11-4",
			"Pitch": 0.000000,
			"Roll": 0.000000,
			"X": 2941.138916,
			"Y": 4617.117188,
			"Yaw": 0.000000,
			"Z": 52.113998
		},
		{
			"Name": "位置 11-5",
			"Pitch": 0.000000,
			"Roll": 0.000000,
			"X": 2895.884033,
			"Y": 4686.395996,
			"Yaw": 0.000000,
			"Z": 48.094002
		},
		{
			"Name": "位置 12-1",
			"Pitch": 0.000000,
			"Roll": 0.000000,
			"X": 1332.318970,
			"Y": 4271.445801,
			"Yaw": 0.000000,
			"Z": 30.646000
		},
		{
			"Name": "位置 12-2",
			"Pitch": 0.000000,
			"Roll": 0.000000,
			"X": 1353.332031,
			"Y": 4387.911133,
			"Yaw": 0.000000,
			"Z": 43.541000
		},
		{
			"Name": "位置 12-3",
			"Pitch": 0.000000,
			"Roll": 0.000000,
			"X": 1337.891968,
			"Y": 4321.562988,
			"Yaw": 0.000000,
			"Z": 38.092999
		},
		{
			"Name": "位置 12-4",
			"Pitch": 0.000000,
			"Roll": 0.000000,
			"X": 1386.603027,
			"Y": 4366.511230,
			"Yaw": 0.000000,
			"Z": 42.236000
		},
		{
			"Name": "位置 12-5",
			"Pitch": 0.000000,
			"Roll": 0.000000,
			"X": 1303.192993,
			"Y": 4313.508789,
			"Yaw": 0.000000,
			"Z": 36.938999
		},
		{
			"Name": "位置 13-1",
			"Pitch": 0.000000,
			"Roll": 0.000000,
			"X": 2720.030029,
			"Y": 1572.761963,
			"Yaw": 0.000000,
			"Z": 20.204000
		},
		{
			"Name": "位置 13-2",
			"Pitch": 0.000000,
			"Roll": 0.000000,
			"X": 2663.160889,
			"Y": 1581.395020,
			"Yaw": 0.000000,
			"Z": 24.417999
		},
		{
			"Name": "位置 13-3",
			"Pitch": 0.000000,
			"Roll": 0.000000,
			"X": 2661.481934,
			"Y": 1641.057007,
			"Yaw": 0.000000,
			"Z": 24.000999
		},
		{
			"Name": "位置 13-4",
			"Pitch": 0.000000,
			"Roll": 0.000000,
			"X": 2671.002930,
			"Y": 1561.394043,
			"Yaw": 0.000000,
			"Z": 23.882000
		},
		{
			"Name": "位置 13-5",
			"Pitch": 0.000000,
			"Roll": 0.000000,
			"X": 2660.104004,
			"Y": 1606.540039,
			"Yaw": 0.000000,
			"Z": 28.610001
		},
		{
			"Name": "位置 14-1",
			"Pitch": 0.000000,
			"Roll": 0.000000,
			"X": 211.774994,
			"Y": -934.268982,
			"Yaw": 0.000000,
			"Z": 23.466000
		},
		{
			"Name": "位置 14-2",
			"Pitch": 0.000000,
			"Roll": 0.000000,
			"X": 198.264999,
			"Y": -884.039001,
			"Yaw": 0.000000,
			"Z": 30.695999
		},
		{
			"Name": "位置 14-3",
			"Pitch": 0.000000,
			"Roll": 0.000000,
			"X": 189.542007,
			"Y": -919.726013,
			"Yaw": 0.000000,
			"Z": 29.959999
		},
		{
			"Name": "位置 14-4",
			"Pitch": 0.000000,
			"Roll": 0.000000,
			"X": 169.503998,
			"Y": -934.841003,
			"Yaw": 0.000000,
			"Z": 29.228001
		},
		{
			"Name": "位置 14-5",
			"Pitch": 0.000000,
			"Roll": 0.000000,
			"X": 212.376007,
			"Y": -934.807007,
			"Yaw": 0.000000,
			"Z": 29.007000
		},
				{
			"Name": "位置 15-1",
			"Pitch": 0.000000,
			"Roll": 0.000000,
			"X": 1330.113037,
			"Y": -2520.753906,
			"Yaw": 0.000000,
			"Z": 46.365002
		},
		{
			"Name": "位置 15-2",
			"Pitch": 0.000000,
			"Roll": 0.000000,
			"X": 1328.953979,
			"Y": -2538.302002,
			"Yaw": 0.000000,
			"Z": 46.976002
		},
		{
			"Name": "位置 15-3",
			"Pitch": 0.000000,
			"Roll": 0.000000,
			"X": 1237.505981,
			"Y": -2572.334961,
			"Yaw": 0.000000,
			"Z": 39.791000
		},
		{
			"Name": "位置 15-4",
			"Pitch": 0.000000,
			"Roll": 0.000000,
			"X": 1244.602051,
			"Y": -2563.720947,
			"Yaw": 0.000000,
			"Z": 42.646000
		},
		{
			"Name": "位置 15-5",
			"Pitch": 0.000000,
			"Roll": 0.000000,
			"X": 1278.421021,
			"Y": -2565.116943,
			"Yaw": 0.000000,
			"Z": 43.543999
		},
	], 
	"万圣节": [
    {
      "Name": "外星人基地",
      "Pitch": -0.000000,
      "Roll": 0.000000,
      "X": -1870.130249,
      "Y": 3753.632568,
      "Yaw": 3.064597,
      "Z": -101.145393
    }
  ]
}